Paper_ID,Year,Polymer,Polymer_Concentration_pct_num,Gelatin_Concentration_pct_num,Crosslinker_Concentration,Crosslinking_Time,Fabrication_Method,Pore_Size_um_num,Porosity_pct_num,Water_Uptake_pct_num,Swelling_Ratio_num,Strut_Spacing_um_num,Stiffness_kPa_num,Architecture,Cell_Type,Cell_Density,Culture_Duration_days_num,Viability_pct_num
Lewis_2018_ActaBiomater,2018,Gelatin Type A,10.0,10.0,15 mM EDC + 6 mM NHS,1 h,Extrusion 3D Bioprinting (Pneumatic piston-driven),500.0,,,,700.0,,3D Triangular / Hexagonal Interconnected Grid (60 deg alternating),HUH7,"3.3e6 cells/mL (0.1e6 cells/scaffold, 6 mm disc)",14.0,92.0
Lewis_2018_ActaBiomater,2018,Gelatin Type A,10.0,10.0,15 mM EDC + 6 mM NHS,1 h,Extrusion 3D Bioprinting (Pneumatic piston-driven),500.0,,,,700.0,,3D Orthogonal Square Grid (90 deg alternating),HUH7,3.3e6 cells/mL (0.1e6 cells/scaffold),14.0,89.5
Lieberthal_2024_PNAS,2024,Polyethylene glycol diacrylate (PEGDA 700 Da),20.0,,0.5 wt% LAP + 2 mM tartrazine,3.5 s per 100 um layer (~15 min total),Digital Light Processing (DLP 3D Printing),300.0,80.0,,1.05,,,"3D Bichannel Millifluidic Device (Parallel PV & HB channels, 1 mm sq, 300 um barrier)",Primary Rat Hepatocytes,4e6 cells/mL (in collagen),7.0,92.0
Lieberthal_2024_PNAS,2024,Polyethylene glycol diacrylate (PEGDA 700 Da),20.0,,0.5 wt% LAP + 2 mM tartrazine,3.5 s per layer,Digital Light Processing (DLP 3D Printing),300.0,80.0,,1.05,,,3D Bichannel Millifluidic Device,Primary Rat Hepatocytes,4e6 cells/mL,7.0,70.0
Lieberthal_2024_PNAS,2024,Polyethylene glycol diacrylate (PEGDA 700 Da),20.0,,0.5 wt% LAP + 2 mM tartrazine,3.5 s per layer,Digital Light Processing (DLP 3D Printing),300.0,80.0,,1.05,,,3D Bichannel Millifluidic Device,H4-II-E-C3 Rat Hepatoma,20e6 cells/mL (in collagen),7.0,95.0
Lieberthal_2024_PNAS,2024,Polyethylene glycol diacrylate (PEGDA 700 Da),20.0,,0.5 wt% LAP + 2 mM tartrazine,3.5 s per layer,Digital Light Processing (DLP 3D Printing),300.0,80.0,,1.05,,,3D Bichannel Millifluidic Device,H4-II-E-C3 Rat Hepatoma,20e6 cells/mL,7.0,65.0
Lieberthal_2024_PNAS,2024,Polyethylene glycol diacrylate (PEGDA 700 Da),20.0,,0.5 wt% LAP + 2 mM tartrazine,3.5 s per layer,Digital Light Processing (DLP 3D Printing),300.0,80.0,,1.05,,,3D Bichannel Millifluidic Device,Primary Rat Hepatocytes + ECs + BM-MSCs (4:2:1 ratio),1.75e6 total cells/mL (1e6 hepatocytes/mL in collagen),7.0,96.0
Lieberthal_2024_PNAS,2024,Polyethylene glycol diacrylate (PEGDA 700 Da),20.0,,0.5 wt% LAP + 2 mM tartrazine,3.5 s per layer,Digital Light Processing (DLP 3D Printing),400.0,80.0,,1.05,,,3D Fractal Bifurcating Vascular Network (3x3 cm block),H4-II-E-C3 Rat Hepatoma,20e6 cells/mL,7.0,91.0
Hiller_2018_IJMS,2018,Sodium Alginate + Gelatin,2.0,3.0,0.03 M CaSO4 + 0.1 M CaCl2 (bath) + 0.02 M CaCl2 (media),8 min CaSO4 + 5 min 0.1 M CaCl2,Extrusion 3D Bioprinting (Pneumatic microextrusion),1.5,,,,1500.0,3.4,"3D Porous Grid Scaffold (10x10x1 mm, regularly spaced pores)",HepaRG (mature),7e6 cells/mL bioink (~0.75e6 cells/construct),7.0,85.0
Hiller_2018_IJMS,2018,Sodium Alginate + Gelatin,2.0,3.0,0.03 M CaSO4 + 0.1 M CaCl2,8 min + 5 min,Extrusion 3D Bioprinting,1.5,,,,1500.0,3.0,3D Porous Grid Scaffold (10x10x1 mm),HepaRG (mature),7e6 cells/mL,7.0,84.0
Hiller_2018_IJMS,2018,Sodium Alginate + Gelatin,2.0,3.0,0.03 M CaSO4 + 0.1 M CaCl2,8 min + 5 min,Extrusion 3D Bioprinting,1.5,,,,1500.0,2.5,3D Porous Grid Scaffold (10x10x1 mm),HepaRG (mature),7e6 cells/mL,7.0,82.0
Hiller_2018_IJMS,2018,Sodium Alginate + Gelatin,2.0,3.0,0.03 M CaSO4 + 0.1 M CaCl2,8 min + 5 min,Extrusion 3D Bioprinting,1.5,,,,1500.0,4.1,3D Porous Grid Scaffold (10x10x1 mm),HepaRG (mature),7e6 cells/mL,7.0,71.0
Mazzocchi_2019_Biofabrication,2019,Methacrylated Collagen Type I + Thiolated Hyaluronic Acid (3:1),0.5,,0.025% w/v photoinitiator (Sigma 410896),10 s UV irradiation (1.9 W/cm^2),Extrusion 3D Bioprinting (Pneumatic benchtop),,,,,2500.0,3.65,"3D 4-Spoke Wheel Structure (12 mm dia, 1.8 mm spoke width)",Primary Human Hepatocytes + Human Stellate Cells,5e6 cells/mL,15.0,82.0
Mazzocchi_2019_Biofabrication,2019,Methacrylated Collagen Type I + Thiolated Hyaluronic Acid (3:1),0.5,,0.025% w/v photoinitiator,10 s UV,Extrusion 3D Bioprinting,,,,,2500.0,3.65,3D 4-Spoke Wheel Structure,Primary Human Hepatocytes + Stellate Cells,5e6 cells/mL,15.0,35.0
Mazzocchi_2019_Biofabrication,2019,Methacrylated Collagen Type I + Thiolated Hyaluronic Acid (2:1),0.47,,0.033% w/v photoinitiator,2 s UV (rheometer) / 10 s (construct),Droplet Microdeposition & Bioprinting,,,,,2500.0,2.15,3D 4-Spoke Wheel / Droplet,Human Hepatic Stellate Cells (LX-2 / aHSC),5e6 cells/mL,7.0,82.5
Mazzocchi_2019_Biofabrication,2019,Methacrylated Collagen Type I + Thiolated Hyaluronic Acid (4:1),0.52,,0.02% w/v photoinitiator,2 s UV / 10 s,Droplet Microdeposition & Bioprinting,,,,,2500.0,3.25,3D 4-Spoke Wheel / Droplet,Human Hepatic Stellate Cells (LX-2 / aHSC),5e6 cells/mL,7.0,78.0
Kang_2020_Small,2020,Atelo-collagen (3%) + Alginate (3% sacrificial),3.0,,Thermal gelation at neutral pH (reconstituted with 10x DMEM and NaHCO3),1 h at 37 C in culture medium,Preset Extrusion Bioprinting (Precursor multi-compartment cartridge),150.0,68.0,,,1000.0,0.48,"3D Biomimetic Hepatic Lobule with Central Lumen (1 mm dia, 150 um lumen)",HepG2/C3A + EA.hy926 Endothelial Cells,6e7 cells/mL (each cell type),10.0,84.5
Kang_2020_Small,2020,Atelo-collagen (3%) + Alginate (3% sacrificial),3.0,,Thermal gelation,1 h at 37 C,Extrusion Bioprinting (Premixed cell-ink with sacrificial central core),150.0,68.0,,,1000.0,0.48,3D Cylindrical Construct with Lumen (unpatterned mix),HepG2/C3A + EA.hy926 Endothelial Cells,6e7 cells/mL (each cell type),10.0,75.0
Kang_2020_Small,2020,Atelo-collagen (3%),3.0,,Thermal gelation,1 h at 37 C,Extrusion Bioprinting (Solid cylinder),,68.0,,,1000.0,0.48,3D Solid Cylindrical Construct (No lumen),HepG2/C3A + EA.hy926 Endothelial Cells,6e7 cells/mL,10.0,35.0
Kang_2020_Small,2020,Atelo-collagen (3%) + Alginate (3%),3.0,,Thermal gelation,1 h at 37 C,Layer-by-Layer Preset Extrusion Bioprinting,150.0,68.0,,,500.0,0.52,"3D Multiscaled Hepatic Lobe Array (3x4 multi-lumen array, 4x5.2x2.5 mm)",HepG2/C3A + EA.hy926 Endothelial Cells,6e7 cells/mL (each cell type),7.0,86.0
Wu_2020_SciRep,2020,Alginate (1%) + CNC (3%) + GelMA (5%) [Wall] / GelMA (4%) [Cavity],9.0,5.0,0.1 wt% LAP,2 min UV (365 nm),Microextrusion 3D Bioprinting (ME),2400.0,78.0,,1.15,2400.0,2.7,"3D Bicellular Honeycomb Lobule Lattice (0.48 mm wall thickness, 2.4 mm inner cavities)",HepG2 (in GelMA cavities) + NIH/3T3 Fibroblasts (in 135ACG walls),HepG2: 2.5e6 cells/mL; NIH/3T3: 5e6 cells/mL,14.0,91.0
Wu_2020_SciRep,2020,Alginate (1%) + CNC (3%) + GelMA (5%) [Wall] / GelMA (4%) [Cavity],9.0,5.0,0.1 wt% LAP,2 min UV (365 nm),Microextrusion 3D Bioprinting (ME),2400.0,78.0,,1.15,2400.0,2.62,3D Bicellular Honeycomb Lobule Lattice (Acellular 135ACG wall + mixed cavity),HepG2 + NIH/3T3 Fibroblasts (2:1 mixture in GelMA),2.5e6 HepG2 + 1.25e6 NIH/3T3 per mL,14.0,90.0
Wu_2020_SciRep,2020,Alginate (1%) + CNC (3%) + GelMA (5%) [Wall] / GelMA (4%) [Cavity],9.0,5.0,0.1 wt% LAP,2 min UV (365 nm),Microextrusion 3D Bioprinting (ME),2400.0,78.0,,1.15,2400.0,3.18,3D Monocellular Honeycomb Lobule Lattice (Acellular 135ACG wall + HepG2 cavity),HepG2 Monoculture,2.5e6 cells/mL,14.0,90.0
Wu_2020_SciRep,2020,Alginate (1%) + CNC (3%) + GelMA (5%) [Wall] / GelMA (4%) [Cavity],9.0,5.0,0.1 wt% LAP,2 min UV (365 nm),Microextrusion 3D Bioprinting (ME),2400.0,78.0,,1.15,2400.0,6.8,3D Monocellular Honeycomb Lobule Lattice (NIH/3T3 in 135ACG wall + acellular cavity),NIH/3T3 Fibroblasts,5e6 cells/mL,14.0,93.0
Kang_2021_Cells,2021,Gelatin methacrylate (GelMA) + Alginate + Xanthan gum,,,50 mM,5 min,Extrusion 3D Bioprinting (Pneumatic),,,,,,,3D Hexagonal Hepatic Lobule Construct (3 units of 3x3x2 mm),HepG2,3.0e7 cells/mL,14.0,98.2
Kang_2021_Cells,2021,Gelatin methacrylate (GelMA) + Alginate + Xanthan gum,,,50 mM,5 min,Extrusion 3D Bioprinting (Pneumatic),,,,,,,3D Hexagonal Hepatic Lobule Construct (3 units of 3x3x2 mm),HepG2,3.0e7 cells/mL,14.0,97.5
Kang_2021_Cells,2021,Gelatin methacrylate (GelMA) + Alginate + Xanthan gum,,,50 mM,5 min,Extrusion 3D Bioprinting,,,,,,,3D Hexagonal Hepatic Lobule Construct,HepG2,3.0e7 cells/mL,24.5,45.0
Kang_2021_Cells,2021,Gelatin methacrylate (GelMA) + Alginate + Xanthan gum,,,50 mM,5 min,Extrusion 3D Bioprinting,,,,,,,3D Hexagonal Hepatic Lobule Construct,HepG2,3.0e7 cells/mL,24.5,78.0
Cuvellier_2021_Biomaterials,2021,"Gelatin Methacrylate (GelMA, 60.4% DoF)",5.0,5.0,0.1% w/v LAP,"60 s (405 nm, 7 mW/cm^2)",Extrusion 3D Bioprinting (Pneumatic),,60.0,,1.4,,0.33,3D Porous Prismatic Block (7x7x2 mm with channels),"HepaRG (pre-clustered 15h, DMSO-free)",2.0e6 cells/mL (0.2e6 cells/construct),28.0,92.0
Cuvellier_2021_Biomaterials,2021,"Gelatin Methacrylate (GelMA, 60.4% DoF)",5.0,5.0,0.1% w/v LAP,"60 s (405 nm, 7 mW/cm^2)",Extrusion 3D Bioprinting (Pneumatic),,60.0,,1.4,,0.33,3D Porous Prismatic Block (7x7x2 mm),Huh7-GFP,0.5e6 cells/mL,28.0,95.0
Cuvellier_2021_Biomaterials,2021,"Gelatin Methacrylate (GelMA, 60.4% DoF)",5.0,5.0,0.1% w/v LAP,"60 s (405 nm, 7 mW/cm^2)",Dual Extrusion 3D Bioprinting + Endothelial Surface Colonization,1400.0,60.0,,1.4,2600.0,0.33,"3D Channelized Multicellular Grid (12x12x1.5 mm, 9 square channels)",HepaRG + LX-2 Stellate + HUVECs (10:1 HepaRG:LX-2),HepaRG: 2.0e6/mL (150 uL); LX-2: 0.5e6/mL (65 uL); HUVEC: 1e6/mL surface,21.0,91.0
Cuvellier_2021_Biomaterials,2021,Gelatin Methacrylate (GelMA),5.0,5.0,0.1% w/v LAP,60 s,Dual Extrusion 3D Bioprinting,1400.0,60.0,,1.4,2600.0,0.33,3D Channelized Multicellular Grid (12x12x1.5 mm),HepaRG + LX-2 + HUVECs,10:1 HepaRG:LX-2 ratio + HUVEC surface layer,21.0,86.0
Cuvellier_2021_Biomaterials,2021,Gelatin Methacrylate (GelMA),5.0,5.0,0.1% w/v LAP,60 s,Extrusion 3D Bioprinting,,60.0,,1.4,,0.33,3D Porous Prismatic Block,LX-2 Human Hepatic Stellate Cells,0.5e6 cells/mL,16.0,90.0
Lee_2016_Biofabrication,2016,"Polycaprolactone (PCL, MW 65 kDa) + Atelocollagen",100.0,,Thermal gelation at neutral pH,30 min at 37 C,Multi-head 3D Cell Printing (MtoBS pneumatic extrusion),800.0,65.0,,,1000.0,,3D PCL-Collagen Hybrid Porous Grid (Alternating cell-infused canals and empty pores),Primary Rat Hepatocytes + HLF Fibroblasts + HUVECs (1:3:1 ratio),1.0e6 total cells/mL (2e5 HCs + 6e5 HLFs + 2e5 HUVECs),10.0,92.5
Lee_2016_Biofabrication,2016,Polycaprolactone (PCL) + Atelocollagen,100.0,,Thermal gelation,30 min at 37 C,Multi-head 3D Cell Printing (MtoBS),800.0,65.0,,,1000.0,,3D PCL-Collagen Hybrid Porous Grid,Primary Rat Hepatocytes + HLF Fibroblasts (1:3 ratio),1.0e6 total cells/mL (2.5e5 HCs + 7.5e5 HLFs),10.0,82.0
Lee_2016_Biofabrication,2016,Polycaprolactone (PCL) + Atelocollagen,100.0,,Thermal gelation,30 min at 37 C,Multi-head 3D Cell Printing (MtoBS),800.0,65.0,,,1000.0,,3D PCL-Collagen Hybrid Porous Grid,Primary Rat Hepatocytes Monoculture,1.0e6 cells/mL,10.0,38.0
Jeon_2017_GutLiver,2017,Sodium Alginate,3.0,,1% w/v (ca. 90 mM),10 min immersion,Extrusion 3D Bioprinting (Pneumatic),600.0,62.0,,,1000.0,,3D Multilayer Orthogonal Grid (25x25 mm square array),HepG2 (mCherry-tagged),5.0e6 cells/mL,21.0,91.5
Jeon_2017_GutLiver,2017,Sodium Alginate,3.0,,1% w/v (ca. 90 mM),10 min immersion,Extrusion 3D Bioprinting (Pneumatic),600.0,62.0,,,1000.0,,3D Multilayer Orthogonal Grid (25x25 mm),HepG2 (mCherry-tagged),5.0e6 cells/mL,7.0,93.0
Sekar_2023_BiomedMater,2023,GelMA + Gelatin,5.0,3.0,0.5% w/v Irgacure 2959 + 3.4 mM L-ascorbic acid + 100 uM alpha-tocopherol,"3 min (365 nm UV, 8-12 mW/cm^2)",Extrusion 3D Bioprinting (Pneumatic),102.0,,,,1000.0,0.6,"3D Multilayer Porous Square Grid (10x10x2 mm, 1 mm interfilament spacing)",Primary Rat Hepatocytes (Wistar),20.0e6 cells/mL (5.0e6 cells/construct in 250 uL),5.0,92.0
Sekar_2023_BiomedMater,2023,GelMA + Gelatin,5.0,3.0,0.5% w/v Irgacure 2959 + 3.4 mM L-ascorbic acid + 100 uM alpha-tocopherol,"3 min (365 nm UV, 8-12 mW/cm^2)",Extrusion 3D Bioprinting (Pneumatic),102.0,,,,1000.0,0.6,"3D Multilayer Porous Square Grid (10x10x2 mm, 1 mm interfilament spacing)",Primary Rat Hepatocytes (Wistar),4.0e6 cells/mL (1.0e6 cells/construct in 250 uL),1.0,85.0
