Paper_ID,First_author,Year,Title,DOI,3D_printed,Polymer,Polymer_concentration,Gelatin_concentration,Crosslinker,Crosslinking_condition,Fabrication,Fabrication_condition,Pore_size_um,Porosity_pct,Water_uptake_pct,Stiffness_kPa,Cell_type,Geometry,Hepatocyte_viability,Albumin,Urea,CYP3A4,Culture_duration,Extraction_status,Source,Source_URL
Lewis2018_60deg,Lewis,2018,3D-printed gelatin scaffolds of differing pore geometry modulate hepatocyte function and gene expression,10.1016/j.actbio.2017.12.042,Yes,Gelatin type A,10% w/v,10% w/v,EDC + NHS,"15 mM EDC + 6 mM NHS, 1 h",Pneumatic extrusion 3D printing,30°C gelatin; 10°C glass; 200 µm nozzle; 700 µm strut spacing; 156 µm layer slicing,NR; 700 µm strut spacing,NR,NR,NR,HUH7,60° interlayer orientation,High; numeric value not reported in text,~40 pg/cell more cumulative albumin secretion than 90° over 7 days,NR,3D activity significantly higher than 2D; numeric value not reported,up to 14 days,Partially quantitative; graph digitization needed,Uploaded paper / PMC,https://pmc.ncbi.nlm.nih.gov/articles/PMC5831494/
Lewis2018_90deg,Lewis,2018,3D-printed gelatin scaffolds of differing pore geometry modulate hepatocyte function and gene expression,10.1016/j.actbio.2017.12.042,Yes,Gelatin type A,10% w/v,10% w/v,EDC + NHS,"15 mM EDC + 6 mM NHS, 1 h",Pneumatic extrusion 3D printing,30°C gelatin; 10°C glass; 200 µm nozzle; 700 µm strut spacing; 156 µm layer slicing,NR; 700 µm strut spacing,NR,NR,NR,HUH7,90° interlayer orientation,High; numeric value not reported in text,Lower than 60°; 60° exceeded 90° by ~40 pg/cell over 7 days,NR,3D activity significantly higher than 2D; numeric value not reported,up to 14 days,Partially quantitative; graph digitization needed,Uploaded paper / PMC,https://pmc.ncbi.nlm.nih.gov/articles/PMC5831494/
Sreenivasan2015_AGCH,Sreenivasan,2015,Preparation of a sponge-like biocomposite agarose–chitosan scaffold with primary hepatocytes for establishing an in vitro 3D liver tissue model,10.1039/C5RA04153H,No,Agarose + chitosan,NR,NR,NR,NR,Sponge-like scaffold,NR,40–70 average,83 ± 2,High swelling kinetics; numeric value NR,NR,Primary hepatocytes,Interconnected sponge-like pores,NR,Higher than control; figure extraction needed,Higher than control; figure extraction needed,CYP450 biomarker observed; numeric value NR,NR,Good candidate; exact outcomes require figure extraction,RSC Advances,https://pubs.rsc.org/en/content/articlehtml/2015/ra/c5ra04153h
Nanocomposite2014,Unknown_from_search_result,2014,Modifying three-dimensional scaffolds from novel nanocomposite materials using dissolvable porogen particles for use in liver tissue engineering,,No,POSS-modified polycaprolactone urea urethane / porogen variants,NR,NR,NR,NR,Porogen-derived porous scaffold,"Glucose, sodium bicarbonate, sodium chloride or PU variants",PG 100–350; PU 500–2000; PB 20–750; PN 150–1500,PG/PB/PN ~95; PU ~90,NR,NR,HepG2,Porogen-derived porous architecture,NR,Increased over culture; graph extraction needed,Increased over culture; graph extraction needed,Not a primary quantitative endpoint,"1, 7, 14 days",Good candidate; figure digitization needed,PMC,https://pmc.ncbi.nlm.nih.gov/articles/PMC4107826/
GelMA_FRS_2022,Unknown_from_search_result,2022,Radical scavenging gelatin methacrylamide based bioink formulation for three dimensional bioprinting of parenchymal liver construct,10.1016/j.bprint.2022.e00214,Yes,GelMA,NR,NR,Photocrosslinking / photoinitiator,3.4 mM ascorbic acid free-radical scavenger in optimized formulation,3D bioprinting,HepG2-containing GelMA bioink,NR,NR,NR,NR,HepG2,NR,Improved/preserved; numeric value requires extraction,Improved/preserved over 7 days; figure extraction needed,Improved/preserved over 7 days; figure extraction needed,NR,7 days,Strong candidate; exact formulation/mechanics need full text,ScienceDirect,https://www.sciencedirect.com/science/article/pii/S2405886622000240
GelMA_Antioxidant_2023,Unknown_from_search_result,2023,Biocompatibility evaluation of antioxidant cocktail loaded gelatin methacrylamide as bioink for extrusion-based 3D bioprinting,10.1088/1748-605X/acd82f,Yes,GelMA + antioxidant cocktail,NR,NR,Photocrosslinking,NR,Extrusion-based 3D bioprinting,High-density primary rat hepatocyte constructs,NR,NR,NR,NR,Primary rat hepatocytes,NR,Adequate biocompatibility; numeric value requires extraction,~5-fold higher in high-cell-density constructs,~2.5-fold higher in high-cell-density constructs,NR,NR,Good candidate; exact formulation/mechanics need full text,PubMed,https://pubmed.ncbi.nlm.nih.gov/37220753/
PVA_CH_2026,Unknown_from_search_result,2026,Microarchitecture-Driven Regulation of Hepatocyte Functional Stability in 3D Bioprinted Genipin-Crosslinked PVA–Chitosan Scaffolds,10.1016/j.carpta.2026.101227,Yes,PVA + chitosan,NR,NR,Genipin,Genipin-crosslinked,Extrusion-based 3D bioprinting,Grid vs biomimetic lobule architecture,NR,NR,Lobule ~200% equilibrium swelling; grid ~165–170%,Lobule 5.17 ± 0.35; grid 3.47 ± 0.25,Hepatocytes,Lobule vs grid,Viable through day 7; MTT maintained through day 21,Lobule ~15–17 µg/mL; grid ~10–12 µg/mL at day 21,Lobule ~18–20 µg/mL at day 21,CYP450 activity ~3.2–3.5 ng/mL; CYP1A2 expression ~15-fold in lobule,21 days,Excellent candidate; full text needed for remaining architecture details,ScienceDirect,https://www.sciencedirect.com/science/article/pii/S266689392600143X
GelMA_dECM_Fibrosis_2025,Gadre,2025,Engineering a GelMA–dECM-based 3D bioprinted liver fibrosis model: methotrexate-induced functional and molecular validation,10.1039/D5RA05955K,Yes,GelMA + liver-derived dECM,NR,NR,NR,NR,3D bioprinting,HepG2-containing hepatic construct; methotrexate-induced fibrosis,NR,NR,NR,NR,HepG2,NR,NR,Quantified; non-fibrotic higher than fibrotic; exact values need figure extraction,Quantified; non-fibrotic higher than fibrotic; exact values need figure extraction,CYP3A4 gene expression measured; exact values need figure extraction,NR,Good candidate for disease-state + hepatic outcomes,RSC Advances,https://pubs.rsc.org/en/content/articlehtml/2025/ra/d5ra05955k
HCD_Liver_2025,Unknown_from_search_result,2025,Bioprinted high cell density liver model with improved hepatic metabolic functions,10.1016/j.biomaterials.2025.123256,Yes,Bioink with iodixanol,NR,NR,NR,NR,3D bioprinting,High cell density 8 × 10^7 cells/mL,NR,NR,NR,NR,Hepatic cells/hepatocytes,High-cell-density printed tissue,~80%,Enhanced; numeric value needs figure extraction,Enhanced; numeric value needs figure extraction,Enhanced P450 metabolic activity; numeric value needs figure extraction,NR,Useful for cell-density + hepatic outcomes; mechanics need full text,ScienceDirect,https://www.sciencedirect.com/science/article/pii/S0142961225001759
Gelatin_GumArabic_2014,Unknown_from_search_result,2014,A non-adhesive hybrid scaffold from gelatin and gum Arabic as packed bed matrix for hepatocyte perfusion culture,,No,Gelatin + gum Arabic,NR,NR,NR,NR,Packed-bed scaffold / perfusion bioreactor,Hepatocyte perfusion culture,NR,NR,NR,NR,Hepatocytes,Packed bed,NR,3–3.7 µg/mL steady state,49–72 µg/mL trend over 7 days,NR,7 days,Useful functional-outcome reference; exclude if dataset is strictly 3D printing,ScienceDirect,https://www.sciencedirect.com/science/article/abs/pii/S092849311400664X
Silk_Fibroin_Lobules_2021,Unknown_from_search_result,2021,Radially Aligned Porous Silk Fibroin Scaffolds as Functional Templates for Engineering Human Biomimetic Hepatic Lobules,,No,Silk fibroin,NR,NR,NR,NR,Radially aligned porous scaffold,Hepatocyte + endothelial cell co-culture,NR,NR,NR,NR,Human hepatocytes + endothelial cells,Radially aligned hepatic lobule-like architecture,NR,Enhanced in co-culture; exact value requires extraction,Enhanced in co-culture; exact value requires extraction,Metabolic activity enhanced; exact value requires extraction,NR,Good architecture/function reference; not 3D-printing focused,PubMed,https://pubmed.ncbi.nlm.nih.gov/34929079/
