Paper_ID,Condition_ID,Year,Polymer,Polymer_Concentration_pct,Gelatin_Concentration_pct,ECM,Crosslinker,Crosslinker_Concentration,Crosslinking_Time,Fabrication_Method,Fabrication_Parameters,Pore_Size_um,Strut_Spacing_um,Porosity_pct,Water_Uptake_pct,Swelling_Ratio,Stiffness_kPa,Architecture,Cell_Type,Cell_Density,Culture_Duration_days,Viability_pct,Albumin_Value,Albumin_Unit,Urea_Value,Urea_Unit,CYP3A4_Value,CYP3A4_Unit,CYP1A2_Value,CYP450_Value,Healthy_Like_Function,Source_Figure_Table,Extraction_Method,Notes
P-Lewis2018,Lewis2018_90deg_HUH7,2018,Gelatin type A,10,10,NR,EDC/NHS,15 mM EDC + 6 mM NHS,1 h,Pneumatic extrusion 3D printing (EnvisionTEC 3D-Bioplotter),Nozzle 200 um; strut spacing 700 um; layer height 156 um; 90 deg strut angle (alternating 0/90); 6 layers; 15x15 mm sheet; 6 mm biopsy punch,NR,700,NR,NR,NR,NR,90 deg orthogonal grid,HUH7,"0.1x10^6 cells/scaffold (from 3.3x10^6 cells/mL suspension, 30 uL/scaffold)",14,NR,NR,NR,NR,NR,NR,NR,NR,NR,Lower albumin secretion/expression and lower CYP3A4/CYP2C9 activity than 60 deg scaffolds; inferior to 60 deg and 2D on functional readouts (text-stated relative comparison only),"Sec. 2.1, 3.2-3.3; Figs. 1-6","Text (fabrication/methods); functional outcome values only shown as bar graphs (Figs 4-6), not extracted",Pore size held constant by design across geometries (not stated as single um value); no absolute viability % or albumin/CYP concentration given in text.
P-Lewis2018,Lewis2018_60deg_HUH7,2018,Gelatin type A,10,10,NR,EDC/NHS,15 mM EDC + 6 mM NHS,1 h,Pneumatic extrusion 3D printing (EnvisionTEC 3D-Bioplotter),"Nozzle 200 um; strut spacing 700 um; layer height 156 um; 60 deg strut angle (increments of 60,120,180,240,300,360); 6 layers; 15x15 mm sheet; 6 mm biopsy punch",NR,700,NR,NR,NR,NR,60 deg triangulated/interconnected grid,HUH7,"0.1x10^6 cells/scaffold (from 3.3x10^6 cells/mL suspension, 30 uL/scaffold)",14,NR,NR,NR,NR,NR,NR,NR,NR,NR,"Highest albumin secretion, CYP3A4/CYP2C9 activity, and bile-canaliculus (CLF) formation among all groups (text-stated); cumulative albumin secretion ~40 pg/cell more than 90 deg scaffold at day 7 (explicit text value, relative not absolute)",Sec. 3.2-3.4; Figs. 4-6,"Text (relative differential explicit); absolute concentrations only in graphs, not extracted","The '~40 picograms per cell more' albumin differential vs 90 deg is the only numeric functional value stated directly in text for this paper; all other functional values (fold-changes, absolute ng or pg/cell) are graph-only."
P-Lewis2018,Lewis2018_2D_control_HUH7,2018,Gelatin type A (2D coating),10,10,NR,EDC/NHS,15 mM EDC + 6 mM NHS,1 h,"2D tissue-culture plate, gelatin-coated and EDC/NHS crosslinked",NR,NR,NR,NR,NR,NR,NR,2D monolayer control,HUH7,Equivalent seeding density to 3D groups,14,NR,NR,NR,NR,NR,NR,NR,NR,NR,"Higher initial (day 1) albumin expression than 3D groups, attributed to higher seeding efficiency; large discrepancy between CYP3A4 gene expression (higher) and CYP3A4 activity (lower) vs 3D groups (text-stated)","Sec. 3.1-3.3; Figs. 2,4,5",Text (qualitative/relative); no absolute values given,No numeric % viability or absolute albumin/CYP values stated for 2D control in text.
P-Wu2020,Wu2020_GelMA4pct_acellular_Day0,2020,GelMA (gelatin methacryloyl),4,4,GelMA hydrogel (soft compartment),UV photocrosslinking (LAP photoinitiator),0.1 wt% LAP,NR,Microextrusion (ME) 3D bioprinting; honeycomb inner-cavity fill,"Degree of substitution (DOS) ~85%; FlashForge Creator Pro w/ custom syringe holder, 32-gauge nozzle, 20 mm/s, 20 psi; UV crosslink 2 min post-print",NR,NR,NR,NR,NR,4.269,"Honeycomb inner cavity (soft compartment), acellular",Acellular,NR,0,NR,NR,NR,NR,NR,NR,NR,NR,NR,NR,Fig. 2c,"Text (Results, Physical characterization)",Compressive modulus 4269 +/- 278 Pa immediately after preparation (day 0).
P-Wu2020,Wu2020_GelMA4pct_hepG2_Day0,2020,GelMA (gelatin methacryloyl),4,4,GelMA hydrogel (soft compartment),UV photocrosslinking (LAP photoinitiator),0.1 wt% LAP,NR,Microextrusion (ME) 3D bioprinting; honeycomb inner-cavity fill,NR,NR,NR,NR,NR,NR,3.175,Honeycomb inner cavity (soft compartment),hepG2,2.5x10^6 cells/mL,0,">90 (over 14-day study period, both 2D and 3D)",NR,NR,NR,NR,NR,NR,NR,NR,NR,Fig. 2c; Fig. S5b,"Text (Results, Physical characterization + Cell behavior sections)","Compressive modulus 3175 +/- 217 Pa (day 0) upon hepG2 addition. Viability >90% stated as a study-period average, not day-specific."
P-Wu2020,Wu2020_GelMA4pct_hepG2_NIH3T3mix_Day0,2020,GelMA (gelatin methacryloyl),4,4,GelMA hydrogel (soft compartment),UV photocrosslinking (LAP photoinitiator),0.1 wt% LAP,NR,Microextrusion (ME) 3D bioprinting; honeycomb inner-cavity fill,NR,NR,NR,NR,NR,NR,2.624,Honeycomb inner cavity (soft compartment),hepG2 + NIH/3T3 (mixture),NR,0,NR,NR,NR,NR,NR,NR,NR,NR,NR,NR,Fig. 2c,"Text (Results, Physical characterization)",Compressive modulus 2624 +/- 370 Pa (day 0) for hepG2/fibroblast mixture.
P-Wu2020,Wu2020_135ACG_acellular_Day0,2020,Alginate + Cellulose nanocrystal (CNC) + GelMA (135ACG hybrid),"1% alginate, 3% CNC, 5% GelMA",5,135ACG hybrid bioink (stiff compartment),"UV (LAP) + ionic (Ca2+, from culture medium, over time)",0.1 wt% LAP (shared formulation),NR,"Microextrusion (ME) 3D bioprinting, free-form and embedded printing","Honeycomb wall thickness 0.48 mm, wall height 0.4 mm, spacing 2.4 mm; static viscosity ~200 Pa.s, ~0.2 Pa.s at 1000/s shear; GelMA DOS ~85%",NR,2400,NR,NR,NR,11.222,Honeycomb lattice (rigid outer structure),Acellular,NR,0,NR,NR,NR,NR,NR,NR,NR,NR,NR,NR,Fig. 2d; Fig. 3,"Text (Results, Physical characterization + Printability)",Compressive modulus 11222 +/- 2381 Pa (day 0).
P-Wu2020,Wu2020_135ACG_acellular_Day14,2020,Alginate + CNC + GelMA (135ACG hybrid),"1% alginate, 3% CNC, 5% GelMA",5,135ACG hybrid bioink (stiff compartment),"UV (LAP) + ionic (Ca2+, from culture medium)",NR,NR,Microextrusion (ME) 3D bioprinting,NR,NR,NR,NR,NR,NR,15.876,Honeycomb lattice (rigid outer structure),Acellular,NR,14,NR,NR,NR,NR,NR,NR,NR,NR,NR,NR,Fig. 2d,"Text (Results, Physical characterization)",Compressive modulus 15876 +/- 2324 Pa (day 14); increase attributed to Ca2+ strengthening of alginate network in cell culture medium over time.
P-Wu2020,Wu2020_135ACG_NIH3T3_Day0,2020,Alginate + CNC + GelMA (135ACG hybrid),"1% alginate, 3% CNC, 5% GelMA",5,135ACG hybrid bioink (stiff compartment),NR,NR,NR,Microextrusion (ME) 3D bioprinting,NR,NR,NR,NR,NR,NR,6.8,Honeycomb lattice (rigid outer structure),NIH/3T3 fibroblast,NR,0,NR,NR,NR,NR,NR,NR,NR,NR,NR,NR,Fig. 2d,"Text (Results, Physical characterization)",Compressive modulus 6800 +/- 664 Pa (day 0); consistent with literature that fibroblasts at attachment sites on substrates >5 kPa decrease overall scaffold stiffness (softer cells + material voids).
P-Wu2020,Wu2020_135ACG_NIH3T3_Day14,2020,Alginate + CNC + GelMA (135ACG hybrid),"1% alginate, 3% CNC, 5% GelMA",5,135ACG hybrid bioink (stiff compartment),NR,NR,NR,Microextrusion (ME) 3D bioprinting,NR,NR,NR,NR,NR,NR,9.204,Honeycomb lattice (rigid outer structure),NIH/3T3 fibroblast,NR,14,NR,NR,NR,NR,NR,NR,NR,NR,NR,NR,Fig. 2d,"Text (Results, Physical characterization)",Compressive modulus 9204 +/- 1480 Pa (day 14).
P-Wu2020,Wu2020_S2_hepG2_GelMA_in_135ACG_honeycomb,2020,135ACG honeycomb (acellular) + 4% GelMA fill (hepG2-laden),NR,4,GelMA (hepG2 compartment) within 135ACG honeycomb,NR,NR,NR,"Microextrusion (ME) 3D bioprinting, dual-material honeycomb + fill",NR,NR,NR,NR,NR,NR,NR,"S2: acellular 135ACG honeycomb, hepG2-laden GelMA middle cavities",hepG2,NR,14,>90,35-40,fold-change relative to day 1 (range stated for 3D systems collectively),NR,NR,NR,NR,NR,NR,NR,Fig. 8,"Text (Results, Albumin secretion) for the 35-40x range; per-system (S2 vs S3 vs S4) exact values only in graph","Text: albumin secretion 'hiked up dramatically in all 3D cultures starting on day 7 and reached about 35-40 times on day 14'; text also states S2 (hepG2-only) was slightly lower than co-culture systems S3/S4, but exact numeric split is graph-only."
P-Wu2020,Wu2020_S3_hepG2_NIH3T3_direct_contact,2020,135ACG honeycomb (acellular) + 4% GelMA fill (hepG2+NIH/3T3 mixed),NR,4,GelMA (mixed-cell compartment) within 135ACG honeycomb,NR,NR,NR,Microextrusion (ME) 3D bioprinting,NR,NR,NR,NR,NR,NR,NR,"S3: acellular 135ACG honeycomb, hepG2/NIH-3T3-mixed GelMA middle cavities (direct intercellular contact)",hepG2 + NIH/3T3 (initial density ratio hepG2:NIH3T3 = 2:1),NR,14,NR,35-40,fold-change relative to day 1,NR,NR,NR,NR,NR,NR,NR,Fig. 6; Fig. 8,Text (Albumin range); cell/cluster area distribution from Fig 6f-g,"Spheroids formed in this co-culture were smaller than those in the hepG2-only culture (S2), per cell/cluster-area statistical analysis (text-stated finding, values in Fig 6f)."
P-Wu2020,Wu2020_S4_hepG2_NIH3T3_indirect_contact,2020,135ACG honeycomb (NIH/3T3-laden) + 4% GelMA fill (hepG2-laden),NR,4,GelMA (hepG2 compartment) within NIH/3T3-laden 135ACG honeycomb,NR,NR,NR,Microextrusion (ME) 3D bioprinting,NR,NR,NR,NR,NR,NR,NR,"S4: NIH/3T3-laden 135ACG honeycomb, hepG2-laden GelMA middle cavities (adjacent, non-contact initially; boundary contact develops over time)",hepG2 (GelMA) + NIH/3T3 (135ACG),NR,14,NR,35-40,fold-change relative to day 1,NR,NR,NR,NR,NR,NR,NR,Fig. 7; Fig. 8,Text (Albumin range); Discussion re: no significant difference vs S3,"Text states no significant difference in albumin production between direct-contact (S3) and non-contact (S4) co-cultures, suggesting fibroblast-secreted soluble factors (not physical contact) drive the improvement."
P-Wu2020,Wu2020_S0_2D_hepG2_control,2020,NR (2D tissue culture plastic control),NR,NR,None (2D),NR,NR,NR,2D monolayer culture (control),NR,NR,NR,NR,NR,NR,NR,2D monolayer,hepG2,NR,14,NR,"NR (graph only, Fig. 8)",NR,NR,NR,NR,NR,NR,NR,NR,Fig. 8; Fig. S5a,"Text (qualitative comparison only); numeric value is graph-only, not extracted","hepG2 proliferated faster in 2D than in 3D (Fig S5a) but per-cell albumin secretion was lower than 3D systems; exact 2D fold-change at day 14 is shown only in Fig. 8 bar graph, not stated numerically in text, so left NR per no-fabrication rule."
P-Mazzocchi2019,Mazzocchi2019_ColHA_2to1,2019,Methacrylated Collagen type I (COL I) + thiolated Hyaluronic acid (HA),COL I 6 mg/mL; HA 2 mg/mL (ratio 2:1),NR,Collagen I / HA hybrid bioink,UV (thiol-ene reaction via photoinitiator),NR,2 s UV at 1.9 W/cm^2 (rheology test); 10 s UV immediately post-print (printed constructs),"Extrusion bioprinting (Allevi 2 bioprinter, 28G needle, 4 kPa, 50 mm/s)",NR,NR,NR,NR,NR,NR,NR,4-spoke test structure,Lx2 (human hepatic stellate cell line) or aHSC (primary fetal activated hepatic stellate cells),5x10^6 cells/mL,7,>80 (observed for each of the 3 COL I:HA formulations),NR,NR,NR,NR,NR,NR,NR,NR,NR,Figs. 1-3,"Text (Results, Physical characterization + Cell viability)","Loss tangent 0.29-0.33 before UV crosslinking, decreased to <0.1 after crosslinking (more elastic/solid-like); exact storage/loss moduli in Pa not given numerically in text, only in Fig 1B/C graphs."
P-Mazzocchi2019,Mazzocchi2019_ColHA_3to1_LiverModel,2019,Methacrylated Collagen type I (COL I) + thiolated Hyaluronic acid (HA),COL I 6 mg/mL; HA 2 mg/mL (ratio 3:1),NR,Collagen I / HA hybrid bioink (selected for liver model: high collagen + consistent printability),UV (thiol-ene reaction via photoinitiator),NR,10 s UV immediately post-print,"Extrusion bioprinting (Allevi 2 bioprinter, 28G needle, 4 kPa, 50 mm/s), single layer",NR,NR,NR,NR,NR,NR,NR,4-spoke liver construct,Primary human hepatocytes + liver stellate cells (heterocellular),5x10^6 cells/mL,15,NR,"NR (graph only, Fig. 5B)",NR,"NR (graph only, Fig. 5A)",NR,NR,NR,NR,NR,"Significant decreases in urea and albumin from day 9-15 with 100 uM acetaminophen (APAP) treatment (added day 6) vs stable levels in untreated controls (text-stated trend, not absolute numbers)",Fig. 5,"Text (trend description); absolute ng/mL or ug/mL values are graph-only, not extracted","alpha-GST (detoxification marker) rose at day 9 (3 days post-APAP) then declined by day 12, likely due to APAP-induced cell death; LDH also declined under APAP treatment, consistent with cytotoxicity (text-stated, values graph-only)."
P-Mazzocchi2019,Mazzocchi2019_ColHA_4to1,2019,Methacrylated Collagen type I (COL I) + thiolated Hyaluronic acid (HA),COL I 6 mg/mL; HA 2 mg/mL (ratio 4:1),NR,Collagen I / HA hybrid bioink,UV (thiol-ene reaction via photoinitiator),NR,NR,Extrusion bioprinting (Allevi 2 bioprinter),NR,NR,NR,NR,NR,NR,NR,4-spoke test structure,Lx2 or aHSC,5x10^6 cells/mL,NR,>80,NR,NR,NR,NR,NR,NR,NR,NR,"Most ideal for cell (aHSC) elongation/durotaxis-like spreading, but NOT used for the liver model because bioink phase-separated (collagen bundling) after ~30 min at room temperature, limiting print window",Figs. 3-4,Text,"Excluded from final hepatocyte liver-model construct due to printability limitation (phase separation), despite good cell viability/elongation."
P-Kang2020,Kang2020_Preset_HepaticLobule,2020,"Collagen (3%) + Alginate (3%, sacrificial, removed to form lumen)",Collagen 3%; Alginate 3%,NR,Collagen bioink (final scaffold after alginate removal),"Ca2+ (alginate, sacrificial) then removed; collagen gelled at 37 C",NR,NR,"Preset extrusion bioprinting (3-segment preset cartridge: hepatocyte-laden, EC-laden, cell-free sacrificial bioinks)",1 mm inner diameter nozzle (mimics hepatic lobule scale); printing resolution ~10 um,"Exterior width 36.45 (+/-13); Side width 51.66 (+/-28); Lumen width 98.21 (+/-8.7), all in um",NR,NR,NR,NR,NR,"Hepatic lobule mimic (~1 mm) with central lumen (~150 um), EC-lined exterior/lumen",HepG2/C3A + EA.hy926 (endothelial cells),"6x10^7 cells/mL (each cell type, combined bioink)",7,">90 (EC-only construct, maintained through day 7)","NR (graph only, Fig. 4D)",NR,NR,NR,2,"fold-change vs 2D (rifampicin-induced, 50 uM, 24 h)",NR,NR,"Higher albumin and urea secretion vs Mix (non-lumen) and 2D controls; higher albumin, MRP2, and CD31 protein levels (western blot, relative units); CYP3A4 and CYP1A1 activity ~2x higher than 2D",Figs. 1-5; Sec. 2.3-2.4,"Text (lobule dimensions, CYP3A4 fold-change explicit); albumin/urea absolute values and protein band densities are graph-only","CYP1A1 (not CYP1A2) was the second enzyme measured (omeprazole-induced, 25 uM, 24 h); paper does not report CYP1A2. Hepatic lobe (multi-lobule array) overall dimension ~4x5.2x2.5 mm (Fig. S4)."
P-Kang2020,Kang2020_Mix_noLumen,2020,Collagen (3%) + HepG2/C3A + EA.hy926 mixture (no sacrificial lumen),NR,NR,Collagen bioink,NR,NR,NR,"Direct mixed-cell bioprinting (no preset spatial patterning, no lumen)",NR,NR,NR,NR,NR,NR,NR,"Mix (W/O lumen): homogeneous hepatocyte/EC mixture, no central lumen",HepG2/C3A + EA.hy926 (mixed),NR,10,NR,NR,NR,NR,NR,NR,NR,NR,NR,"Lower viability/proliferation than lumen-embedded (Mix W lumen) and Preset models; centrally located cells died by day 5 due to diffusion limitation, cells migrated to/grew at the edge by day 10 (text-stated)",Fig. 3,Text (qualitative); viability/proliferation % only in Fig. 3B-C graphs,Used as a negative/comparison control for the spatially-patterned Preset lobule design.
P-Kang2020,Kang2020_2D_HepG2C3A_control,2020,NR (2D control),NR,NR,None (2D),NR,NR,NR,2D monolayer culture (control),NR,NR,NR,NR,NR,NR,NR,2D monolayer,HepG2/C3A,NR,5,NR,NR,NR,NR,NR,NR,NR,NR,NR,"Urea production similar to 3D models; albumin secretion lower than 3D models on days 1 and 4 (text-stated, no absolute numbers)",Fig. 4D,Text (qualitative comparison),P450 enzyme activity for 2D was measured at day 5 (vs day 8 for 3D models) due to relatively lower 2D cell viability at later time points.
P-Jeon2017,Jeon2017_Alginate_mCherryHepG2,2017,Sodium alginate,3,NR,Alginate hydrogel,Calcium chloride (CaCl2),1%,NR,"3D bioprinting (custom KIMM system), continuous air pressure 300 kPa",Nozzle 400 um; strand pitch 1000 um; printed structure 25 mm x 25 mm,NR,1000,NR,NR,NR,NR,Multilayered grid (layers intersecting at right angles),HepG2 (mCherry-tagged),NR,21,NR,NR,NR,NR,NR,NR,NR,NR,NR,"ALBUMIN mRNA expression increased significantly after only 3 days of seeding (explicit text); ASGR1 and AFP mRNA modestly increased by day 21 (text, no numeric fold given)",Figs. 2-4,"Text (fabrication parameters explicit); mRNA fold-change values are graph-only (Fig. 4), not extracted",No numeric cell density (cells/mL) or % viability given in text for the printed constructs; qualitative descriptions only ('stably proliferated and repopulated').
P-Lieberthal2024,Lieberthal2024_3DPD_hepatoma_flow_20M,2024,"Poly(ethylene glycol) diacrylate (PEGDA), MW 700 Da",20,NR (not gelatin-based; PEGDA scaffold),"Collagen (3 mg/mL rat-tail collagen, cell carrier within hepatobiliary channel)",UV (405 nm; 0.5 wt% LAP photoinitiator; 2 mM tartrazine photomask),0.5 wt% LAP,3.5 s per layer,Digital light processing (DLP) 3D printing (LUMEN-X printer),100 um layer resolution; HB/PV channels 1 mm square cross-section; 300 um porous barrier; HB channel volume ~20 uL; sterilized 70% ethanol 24 h,NR,NR,80,NR,NR,NR,Bichannel millifluidic device (portal-venous + hepatobiliary channels),H4-II-E-C3 rat hepatoma cells,20x10^6 cells/mL,7,NR,NR,NR,NR,NR,NR,NR,NR,NR,Perfusion (flow) maintained viability at 24h and permitted proliferation at 3 and 7 days vs static; caspase-3/7 activity 70% higher without flow (explicit text value),Figs. 1-2,"Text (fabrication parameters, 80% porosity, 70% higher caspase-3/7 activity all explicit); albumin/urea/CYP3A4 fold-changes are graph-only (Figs 2F, 3E-F), not extracted","NOT a gelatin/GelMA scaffold (PEGDA hydrogel with collagen cell-carrier) - included for completeness per the requested schema, but off-target for a gelatin-focused dataset. Albumin was NOT significantly affected by flow; urea increased with flow (both text-stated directionally, no absolute values in text)."
P-Arai2017,Arai2017_GAgel_sandwich_hepatocyte,2017,Galactosylated alginate (GA),1.2,NR (not gelatin-based; galactosylated alginate),GA-gel (galactosylated alginate hydrogel); compared to plain alginate (Alg) gel and PVLA/collagen-coated dishes,Barium chloride (BaCl2.2H2O),20 mg/mL,NR,Custom piezoelectric inkjet 3D bioprinter; PDMS mold for sandwich culture device,GA synthesized from sodium alginate + lactobionic lactone via EDC/NHS coupling; gel sheet well ~1.5x1.5 cm,NR,NR,NR,NR,NR,NR,"Sandwich culture (two GA-gel sheets with hepatocyte monolayers, inverted and stacked to mimic hepatic cord)","Primary mouse hepatocytes (ICR mice, 2-step in situ collagenase perfusion)",NR,1,">85 (at isolation, via trypan blue exclusion; this is isolation viability, not culture-endpoint viability)",NR,NR,NR,NR,NR,NR,NR,NR,"GA-gel sheets supported more adherent hepatocytes than plain Alg-gel sheets; ASGPR expression higher and confined to the basal/membrane region on PVLA/GA vs collagen-coated dishes (polarity indicator); sandwich device expressed albumin, MRP2, and ASGPR by immunostaining, with ASGPR shifting from cytoplasmic (monolayer) to membrane-localized (sandwich) distribution",Figs. 4-8,"Text (qualitative/relative statements); cell-count-per-gel-sheet values (Fig. 6C) and protein band densities (Fig. 5A) are graph-only, not extracted",NOT a gelatin/GelMA scaffold (galactosylated alginate). No albumin/urea/CYP concentration values given anywhere in text; functional evidence is immunostaining/localization only.
