Paper_ID,Condition_ID,Year,Polymer,Polymer_Concentration_pct,Gelatin_Concentration_pct,ECM,Crosslinker,Crosslinker_Concentration,Crosslinking_Time,Fabrication_Method,Fabrication_Parameters,Pore_Size_um,Strut_Spacing_um,Porosity_pct,Water_Uptake_pct,Swelling_Ratio,Stiffness_kPa,Architecture,Cell_Type,Cell_Density,Culture_Duration_days,Viability_pct,Albumin_Value,Albumin_Unit,Urea_Value,Urea_Unit,CYP3A4_Value,CYP3A4_Unit,CYP1A2_Value,CYP450_Value,Healthy_Like_Function,Source_Figure_Table,Extraction_Method
Kang_2021_Cells,GelXA_Laminin521_Spinning_60rpm,2021,Gelatin methacrylate (GelMA) + Alginate + Xanthan gum,,,Laminin-521 (Laminin alpha5-beta2-gamma1),CaCl2,50 mM,5 min,Extrusion 3D Bioprinting (Pneumatic),"Cellink BIO X, 0.25-gauge nozzle (25G), room temp, 6-well ultra-low attachment plate, orbital shaker at 60 rpm",,,,,,,3D Hexagonal Hepatic Lobule Construct (3 units of 3x3x2 mm),HepG2,3.0e7 cells/mL,14.0,98.2,1550.0,ng/mL (Day 10 supernatant),63.5,mg/dL (Day 16.5 baseline),3.8,Relative mRNA fold change vs Day 0,4.2,3.8,High,"Fig. 1A,D,E, Fig. 2A,C,E,F, Fig. 5B,E, Fig. S1D",Direct text extraction & figure digitization
Kang_2021_Cells,GelXA_Laminin521_Static_Culture,2021,Gelatin methacrylate (GelMA) + Alginate + Xanthan gum,,,Laminin-521 (Laminin alpha5-beta2-gamma1),CaCl2,50 mM,5 min,Extrusion 3D Bioprinting (Pneumatic),"Cellink BIO X, 0.25-gauge nozzle (25G), room temp, static culture",,,,,,,3D Hexagonal Hepatic Lobule Construct (3 units of 3x3x2 mm),HepG2,3.0e7 cells/mL,14.0,97.5,620.0,ng/mL (Day 10 supernatant),48.5,mg/dL (Day 16.5 baseline),1.2,Relative mRNA fold change vs Day 0,1.1,1.2,Moderate,"Fig. 1E, Fig. 2E,F, Fig. 5B,E",Direct text extraction & figure digitization
Kang_2021_Cells,GelXA_Laminin521_Spinning_APAP_Treated,2021,Gelatin methacrylate (GelMA) + Alginate + Xanthan gum,,,Laminin-521,CaCl2,50 mM,5 min,Extrusion 3D Bioprinting,"Cellink BIO X, 25G nozzle, 15 mM APAP treated on Day 14.5 for 48h, 60 rpm",,,,,,,3D Hexagonal Hepatic Lobule Construct,HepG2,3.0e7 cells/mL,24.5,45.0,2.5,ng/mL (Day 24.5),55.0,mg/dL (Day 24.5),,,,,Low,"Fig. 4B,C,F, Fig. 5C,F",Direct text extraction & figure digitization
Kang_2021_Cells,GelXA_Laminin521_Spinning_APAP_NAC_Rescue,2021,Gelatin methacrylate (GelMA) + Alginate + Xanthan gum,,,Laminin-521,CaCl2,50 mM,5 min,Extrusion 3D Bioprinting,"Cellink BIO X, 25G nozzle, 5 mM NAC (12h pre) + 15 mM APAP, 60 rpm",,,,,,,3D Hexagonal Hepatic Lobule Construct,HepG2,3.0e7 cells/mL,24.5,78.0,15.2,ng/mL (Day 24.5),72.0,mg/dL (Day 24.5),,,,,Moderate,"Fig. 4F-I, Fig. 5C,F",Direct text extraction & figure digitization
Cuvellier_2021_Biomaterials,GelMA_5pct_HepaRG_Monoculture_D14,2021,"Gelatin Methacrylate (GelMA, 60.4% DoF)",5.0,5.0,Porcine skin Gelatin Type A (300 bloom),LAP (UV 405 nm),0.1% w/v LAP,"60 s (405 nm, 7 mW/cm^2)",Extrusion 3D Bioprinting (Pneumatic),"Allevi 2 bioprinter, 23G needle, 1.4-2.4 bar, 480 mm/min, 15 C print temp, 7x7x2 mm block (100 uL)",,,60.0,,1.4,0.33,3D Porous Prismatic Block (7x7x2 mm with channels),"HepaRG (pre-clustered 15h, DMSO-free)",2.0e6 cells/mL (0.2e6 cells/construct),28.0,92.0,310.0,ng/mL/24h (Day 14),7.6,ug/mL/24h (Day 14),2.22,Fold induction over basal (rifampicin),15.99,2.22,High,"Fig. 1A-D, Fig. 3A,B, Fig. 5A-C, Fig. 6C-E",Direct text extraction & figure digitization
Cuvellier_2021_Biomaterials,GelMA_5pct_Huh7_Monoculture_D14,2021,"Gelatin Methacrylate (GelMA, 60.4% DoF)",5.0,5.0,Porcine skin Gelatin Type A,LAP (UV 405 nm),0.1% w/v LAP,"60 s (405 nm, 7 mW/cm^2)",Extrusion 3D Bioprinting (Pneumatic),"Allevi 2 bioprinter, 23G needle, 1.4-2.4 bar, 480 mm/min, 15 C print temp",,,60.0,,1.4,0.33,3D Porous Prismatic Block (7x7x2 mm),Huh7-GFP,0.5e6 cells/mL,28.0,95.0,,,,,,,,,High,"Fig. 1D, Fig. 2A-D",Direct text extraction & figure digitization
Cuvellier_2021_Biomaterials,GelMA_5pct_TriCulture_HepaRG_LX2_HUVEC_CoC,2021,"Gelatin Methacrylate (GelMA, 60.4% DoF)",5.0,5.0,Gelatin Type A + endogenous fibrillar collagen type I,LAP (UV 405 nm),0.1% w/v LAP,"60 s (405 nm, 7 mW/cm^2)",Dual Extrusion 3D Bioprinting + Endothelial Surface Colonization,"Allevi 2 bioprinter, 23G needle, 12x12x1.5 mm grid with channels, HUVECs seeded Day 7 at 1e6 cells/mL",1400.0,2600.0,60.0,,1.4,0.33,"3D Channelized Multicellular Grid (12x12x1.5 mm, 9 square channels)",HepaRG + LX-2 Stellate + HUVECs (10:1 HepaRG:LX-2),HepaRG: 2.0e6/mL (150 uL); LX-2: 0.5e6/mL (65 uL); HUVEC: 1e6/mL surface,21.0,91.0,280.0,ng/mL/24h (Day 14),7.2,ug/mL/24h (Day 14),,,,,High,"Fig. 8A-E, Fig. S2, Fig. S4",Direct text extraction & figure digitization
Cuvellier_2021_Biomaterials,GelMA_5pct_TriCulture_CoC_TGFB1_Fibrotic,2021,Gelatin Methacrylate (GelMA),5.0,5.0,Gelatin Type A + pathological fibrillar collagen deposition,LAP (UV 405 nm),0.1% w/v LAP,60 s,Dual Extrusion 3D Bioprinting,"Allevi 2, 23G needle, treated Day 14-21 with 5 ng/mL TGFb-1 every 48h",1400.0,2600.0,60.0,,1.4,0.33,3D Channelized Multicellular Grid (12x12x1.5 mm),HepaRG + LX-2 + HUVECs,10:1 HepaRG:LX-2 ratio + HUVEC surface layer,21.0,86.0,80.0,ng/mL/24h (Day 21 post-TGFb1 suppression),7.0,ug/mL/24h (Day 21),,,,,Low,Fig. 8C-E,Direct text extraction & figure digitization
Cuvellier_2021_Biomaterials,GelMA_5pct_LX2_Monoculture_Quiescent,2021,Gelatin Methacrylate (GelMA),5.0,5.0,Gelatin Type A,LAP (UV 405 nm),0.1% w/v LAP,60 s,Extrusion 3D Bioprinting,"Allevi 2, 23G needle, 15 C print temp",,,60.0,,1.4,0.33,3D Porous Prismatic Block,LX-2 Human Hepatic Stellate Cells,0.5e6 cells/mL,16.0,90.0,,,,,,,,,High,Fig. 7A-D,Direct text extraction & figure digitization
Lee_2016_Biofabrication,PCL_Collagen_TriCulture_HC_HLF_HUVEC_Group3,2016,"Polycaprolactone (PCL, MW 65 kDa) + Atelocollagen",100.0,0.0,Porcine atelocollagen (2% neutralized),"Thermal (37 C, 30 min in 5% CO2)",Thermal gelation at neutral pH,30 min at 37 C,Multi-head 3D Cell Printing (MtoBS pneumatic extrusion),"MtoBS system, PCL printed at 80 C with 250 um nozzle (300 kPa, 100 mm/min, 200 um line width, 1 mm pitch), 4 layers (10.2x10.2x1.2 mm), hydrogel infused into alternate canals",800.0,1000.0,65.0,,,,3D PCL-Collagen Hybrid Porous Grid (Alternating cell-infused canals and empty pores),Primary Rat Hepatocytes + HLF Fibroblasts + HUVECs (1:3:1 ratio),1.0e6 total cells/mL (2e5 HCs + 6e5 HLFs + 2e5 HUVECs),10.0,92.5,70.8,ng/mL/day/hepatocytes (Day 10),112.5,ug/mL/day/hepatocytes (Day 10),,,,,High,"Table 1, Fig. 2a-e, Fig. 4g,h, Fig. 5, Fig. 6, Fig. 7, Fig. 8i-l",Direct text extraction & figure digitization
Lee_2016_Biofabrication,PCL_Collagen_CoCulture_HC_HLF_Group2,2016,Polycaprolactone (PCL) + Atelocollagen,100.0,0.0,Porcine atelocollagen (2% neutralized),"Thermal (37 C, 30 min)",Thermal gelation,30 min at 37 C,Multi-head 3D Cell Printing (MtoBS),"MtoBS system, PCL printed at 80 C, 250 um nozzle, hydrogel infused into alternate canals",800.0,1000.0,65.0,,,,3D PCL-Collagen Hybrid Porous Grid,Primary Rat Hepatocytes + HLF Fibroblasts (1:3 ratio),1.0e6 total cells/mL (2.5e5 HCs + 7.5e5 HLFs),10.0,82.0,20.2,ng/mL/day/hepatocytes (Day 10),19.1,ug/mL/day/hepatocytes (Day 10),,,,,Moderate,"Table 1, Fig. 6, Fig. 7, Fig. 8e-h",Direct text extraction & figure digitization
Lee_2016_Biofabrication,PCL_Collagen_Monoculture_HC_Group1,2016,Polycaprolactone (PCL) + Atelocollagen,100.0,0.0,Porcine atelocollagen (2% neutralized),"Thermal (37 C, 30 min)",Thermal gelation,30 min at 37 C,Multi-head 3D Cell Printing (MtoBS),"MtoBS system, PCL printed at 80 C, 250 um nozzle, hydrogel infused into alternate canals",800.0,1000.0,65.0,,,,3D PCL-Collagen Hybrid Porous Grid,Primary Rat Hepatocytes Monoculture,1.0e6 cells/mL,10.0,38.0,4.1,ng/mL/day/hepatocytes (Day 10),5.1,ug/mL/day/hepatocytes (Day 10),,,,,Low,"Table 1, Fig. 6, Fig. 7, Fig. 8a-d",Direct text extraction & figure digitization
Jeon_2017_GutLiver,Alginate_3pct_Multilayer_HepG2_Day21,2017,Sodium Alginate,3.0,0.0,None,CaCl2,1% w/v (ca. 90 mM),10 min immersion,Extrusion 3D Bioprinting (Pneumatic),"KIMM bioprinter, 400 um nozzle, 300 kPa air pressure, 1000 um strand pitch, 25x25 mm orthogonal multi-layer square array (90 deg)",600.0,1000.0,62.0,,,,3D Multilayer Orthogonal Grid (25x25 mm square array),HepG2 (mCherry-tagged),5.0e6 cells/mL,21.0,91.5,3.45,Relative mRNA fold change vs MEF control (Day 21),,,,,2.15,2.15,High,"Fig. 2A-F, Fig. 3A-F, Fig. 4, Table 1",Direct text extraction & figure digitization
Jeon_2017_GutLiver,Alginate_3pct_Multilayer_HepG2_Day7,2017,Sodium Alginate,3.0,0.0,None,CaCl2,1% w/v (ca. 90 mM),10 min immersion,Extrusion 3D Bioprinting (Pneumatic),"KIMM bioprinter, 400 um nozzle, 300 kPa air pressure, 1000 um strand pitch, 25x25 mm array",600.0,1000.0,62.0,,,,3D Multilayer Orthogonal Grid (25x25 mm),HepG2 (mCherry-tagged),5.0e6 cells/mL,7.0,93.0,2.1,Relative mRNA fold change vs MEF control (Day 7),,,,,1.45,1.45,Moderate,"Fig. 3A-F, Fig. 4",Direct text extraction & figure digitization
Jeon_2017_GutLiver,HepG2_2D_Monolayer_Control,2017,None,0.0,0.0,None,None,None,None,2D Monolayer Culture,"Standard tissue culture dish, DMEM 10% FBS",,,,,,,2D Monolayer,HepG2,1.0e5 cells/dish,7.0,95.0,1.0,Baseline relative mRNA expression (1.0 fold),,,,,1.0,1.0,Low,"Fig. 1A-D, Fig. 4",Direct text extraction & figure digitization
